"","bfs_id","avg_age_15"
"1",1,41.9379101463907
"2",2,41.1140245985651
"3",3,39.2489673300789
"4",4,41.662064998562
"5",5,40.0849726775956
"6",6,39.4259438528558
"7",7,40.0824988078207
"8",8,39.8720748829953
"9",9,40.7571214392804
"10",10,40.2028348971851
"11",11,42.5231607629428
"12",12,38.7521286660359
"13",13,41.6301013024602
"14",14,42.0077235772358
"15",21,40.714501510574
"16",22,41.2697674418605
"17",23,46.0750436300175
"18",24,38.2867494824017
"19",25,41.6156941649899
"20",26,41.2019230769231
"21",27,41.2795065881693
"22",28,41.5584988962472
"23",29,41.9770514603616
"24",30,40.1331797235023
"25",31,40.9995553579369
"26",32,41.3015873015873
"27",33,40.8631123919308
"28",34,44.2392900856793
"29",35,41.2351738241309
"30",36,42.0996592844974
"31",37,41.2026647966339
"32",38,44.0068130204391
"33",39,40.9579646017699
"34",40,44.2965517241379
"35",41,40.5623678646935
"36",42,40.7494600431965
"37",43,38.8082595870207
"38",44,42.2241887905605
"39",51,41.456618740704
"40",52,39.7780656303972
"41",53,39.954777497035
"42",54,41.7798032786885
"43",55,40.0157213930348
"44",56,39.9600612758507
"45",57,42.331453362256
"46",58,39.5091826437941
"47",59,39.9608826479438
"48",60,40.4026465028355
"49",61,42.0384615384615
"50",62,41.0749512247995
"51",63,38.7504826254826
"52",64,43.1448427212875
"53",65,42.4170528266914
"54",66,37.5368211849385
"55",67,40.5600828729282
"56",68,37.5078381334306
"57",69,40.1429574766952
"58",70,43.4328097731239
"59",71,42.810282404055
"60",72,42.9656146961846
"61",81,43.9897435897436
"62",82,40.9886621315193
"63",83,38.4030823006037
"64",84,40.1136133603239
"65",85,39.0497354497354
"66",86,40.391319033947
"67",87,38.6730987514188
"68",88,44.6360354446997
"69",89,39.9081375838926
"70",90,39.250989010989
"71",91,39.2961794602173
"72",92,36.3008213552361
"73",93,40.5266666666667
"74",94,39.6878591954023
"75",95,43.284188034188
"76",96,39.9231536926148
"77",97,39.5310007718034
"78",98,40.6980609418283
"79",99,43.0644699140401
"80",100,41.1260770975057
"81",101,41.3864506627393
"82",102,40.7897026831037
"83",111,41.7627663852031
"84",112,41.2199743553213
"85",113,40.3756906077348
"86",114,39.002479338843
"87",115,41.6958393113343
"88",116,41.458914268763
"89",117,41.9880162241888
"90",118,41.5973271353864
"91",119,39.9993016759777
"92",120,41.7190642532021
"93",121,40.2509935674192
"94",131,41.284117172803
"95",132,41.4101489757914
"96",133,41.6349779779285
"97",134,40.9253897550111
"98",135,42.4883921956039
"99",136,42.563472893183
"100",137,44.9700218383959
"101",138,41.2648886194878
"102",139,43.0830102220656
"103",140,43.6410944206009
"104",141,42.0908322533386
"105",142,42.3651542481846
"106",151,42.4621572212066
"107",152,43.4594122319301
"108",153,42.1971714790807
"109",154,44.9670281995662
"110",155,43.2394033795903
"111",156,43.5293769861799
"112",157,39.5819233240523
"113",158,44.2046127803639
"114",159,42.8825985303941
"115",160,45.4102861562258
"116",161,44.7768368227084
"117",172,40.0072934834311
"118",173,39.822634200332
"119",174,41.5899430391376
"120",175,40.8378378378378
"121",176,40.4183370452858
"122",177,42.0656539200279
"123",178,42.5104846225536
"124",180,42.1018092609629
"125",181,42.4324184360435
"126",182,41.013916500994
"127",191,40.5324839815229
"128",192,43.1834763948498
"129",193,41.4042604116802
"130",194,41.0878302940082
"131",195,42.8439838220425
"132",196,42.3861843894479
"133",197,40.5856828634273
"134",198,40.7087292687246
"135",199,39.5107358653431
"136",200,39.3112462792804
"137",211,43.2732824427481
"138",213,42.7430555555556
"139",214,40.0364891518738
"140",215,40.4093959731544
"141",216,41.7945113788487
"142",217,41.5120910384068
"143",218,39.9604519774011
"144",219,41.5537356321839
"145",220,39.7889492753623
"146",221,40.7398843930636
"147",222,37.997920997921
"148",223,39.6996190821694
"149",224,38.2800106467927
"150",225,41.0192455735181
"151",226,38.9214092140921
"152",227,43.9689363472473
"153",228,40.8785778175313
"154",230,40.0438726124063
"155",231,41.4452631578947
"156",241,43.2832080200501
"157",242,42.2890949792133
"158",243,38.9488225824567
"159",244,41.6633114215284
"160",245,43.2253992395437
"161",246,45.3761080624736
"162",247,38.7991112556224
"163",248,44.5763618677043
"164",249,43.5356359649123
"165",250,41.7061312964492
"166",251,40.6454686461334
"167",261,40.4347419732715
"168",297,41.3281701776126
"169",298,42.2454224221009
"170",301,41.7758887171561
"171",302,42.9165829145729
"172",303,42.9699899966656
"173",304,43.2136482939633
"174",305,40.7911111111111
"175",306,41.449550240569
"176",307,45.219614417435
"177",309,41.8256369426752
"178",310,42.4053608247423
"179",311,41.6230169400376
"180",312,43.0939373750833
"181",321,42.0984573502722
"182",322,41.3842887473461
"183",323,42.8640915593705
"184",324,45.7533234859675
"185",325,48.5764705882353
"186",326,42.4070556309362
"187",329,42.4224768563475
"188",331,41.4805091487669
"189",332,42.8691733996271
"190",333,43.43673731535
"191",334,44.3829268292683
"192",335,43.8547717842324
"193",336,40.7553191489362
"194",337,42.6988289205703
"195",338,42.622788393489
"196",339,41.5862944162437
"197",340,42.1891418563923
"198",341,42.9181636726547
"199",342,42.1924493554328
"200",344,41.6004390779363
"201",345,42.3987654320988
"202",351,41.6322042659288
"203",352,46.7051156728576
"204",353,43.8716077537058
"205",354,45.0851724137931
"206",355,42.8644999253991
"207",356,46.3649876771411
"208",357,42.7644394110985
"209",358,42.4452207049857
"210",359,43.4544935262757
"211",360,46.1536664070324
"212",361,43.4359400998336
"213",362,43.6974539069359
"214",363,42.9151775077436
"215",371,41.5311744179606
"216",372,44.5615203761756
"217",381,42.7285714285714
"218",382,41.7635054021609
"219",383,41.5756290641787
"220",385,39.2510040160643
"221",386,41.8879725085911
"222",387,43.9546004842615
"223",388,43.0687450039968
"224",389,46.5576923076923
"225",390,42.9518072289157
"226",391,42.2036144578313
"227",392,40.7568170550322
"228",393,44.3595238095238
"229",394,42.2282430213465
"230",401,42.348641049672
"231",402,43.563122923588
"232",403,44.4956011730205
"233",404,42.493468079862
"234",405,42.4848844101956
"235",406,41.1896808827915
"236",407,42.3939016801493
"237",408,39.5820895522388
"238",409,41.2419221209611
"239",410,42.9481481481482
"240",411,41.2087286527514
"241",412,42.8060856111398
"242",413,42.8316086547507
"243",414,42.3438972162741
"244",415,42.8558368495077
"245",416,41.8686131386861
"246",417,40.131914893617
"247",418,41.2413200412513
"248",419,44.2884615384615
"249",420,40.1897330595483
"250",421,40.1785714285714
"251",422,39.719298245614
"252",423,45.5073891625616
"253",424,42.9751367478866
"254",431,41.1937984496124
"255",432,43.2282157676349
"256",433,41.7718309859155
"257",434,41.6397058823529
"258",435,40.1029411764706
"259",437,38.1120689655172
"260",438,43.7548117154812
"261",441,41.5290178571429
"262",442,45.5641025641026
"263",443,42.146049794158
"264",444,39.49016563147
"265",445,38.6054097056484
"266",446,42.2042110029432
"267",448,42.5695792880259
"268",449,45.0148148148148
"269",450,42.3856175091193
"270",491,44.3714788732394
"271",492,43.4460992907801
"272",493,40.0375234521576
"273",494,42.5410256410256
"274",495,41.1979166666667
"275",496,41.1181765389082
"276",497,45.2859848484849
"277",498,40.9234808702176
"278",499,44.8359240069085
"279",500,43.4618937644342
"280",501,42.5883668903803
"281",502,44.6476744186047
"282",532,42.7515527950311
"283",533,42.282172002511
"284",535,44.5529411764706
"285",536,38.3137254901961
"286",538,41.9040703620372
"287",540,43.0816544838652
"288",541,41.4444444444444
"289",543,45.6559714795009
"290",544,40.7926221335992
"291",546,41.9107268523173
"292",551,40.4805989373692
"293",552,42.396154759079
"294",553,41.2448979591837
"295",554,42.4755959137344
"296",556,45.6492307692308
"297",557,43.2228070175439
"298",561,42.6240907768403
"299",562,41.6725304465494
"300",563,41.2759224150503
"301",564,43.2130102040816
"302",565,46.0844748858448
"303",566,46.7157129881926
"304",567,42.3761622992392
"305",571,47.5393634840871
"306",572,44.2081681205393
"307",573,44.4217994195421
"308",574,46.9874213836478
"309",575,43.7862407862408
"310",576,44.5090909090909
"311",577,43.1278195488722
"312",578,41.7184750733138
"313",579,42.4114906832298
"314",580,46.7047970479705
"315",581,43.7102951510892
"316",582,46.1004672897196
"317",584,45.9000407996736
"318",585,44.5078431372549
"319",586,43.2328767123288
"320",587,43.6465781409602
"321",588,47.7579250720461
"322",589,47.2192393736018
"323",590,43.7746425884123
"324",591,49.9587628865979
"325",592,46.9388794567063
"326",593,44.8124780316345
"327",594,42.0260137719969
"328",602,41.2505422993492
"329",603,42.3816618911175
"330",605,40.7408759124088
"331",606,42.0809248554913
"332",607,39.501066098081
"333",608,43.0466439135381
"334",609,42.1044176706827
"335",610,40.82
"336",611,38.95670995671
"337",612,43.0905263157895
"338",613,43.3152
"339",614,42.5810493343774
"340",615,39.5271565495208
"341",616,43.9744349445526
"342",617,40.8267326732673
"343",619,41.4091425326519
"344",620,43.3978349120433
"345",622,39.8373860182371
"346",623,42.4133561643836
"347",624,43.0444444444444
"348",625,40.4170984455959
"349",626,43.7443566591422
"350",627,43.8924796925496
"351",628,41.7484774665043
"352",629,40.2776025236593
"353",630,45.6495412844037
"354",632,41.796354799514
"355",661,43.0816326530612
"356",662,44.2884927066451
"357",663,44.6387738193869
"358",664,44.1178343949045
"359",665,44.4471544715447
"360",666,48.3530805687204
"361",667,43.6537836960052
"362",668,43.7007708479327
"363",669,40.81875
"364",670,43.0956873315364
"365",671,40.4453125
"366",681,46.2402597402597
"367",683,38.0683229813665
"368",687,44.303317535545
"369",690,41.703808180536
"370",691,44.1550094517958
"371",692,42.6
"372",694,42.3505154639175
"373",696,42.4875776397515
"374",700,42.9286933683519
"375",701,45.4147465437788
"376",703,41.9091688089117
"377",704,44.3224299065421
"378",706,40.4827018121911
"379",707,42.6352201257862
"380",708,40.7105263157895
"381",709,41.9705882352941
"382",711,43.8928571428571
"383",713,40.4036544850498
"384",715,42.5813953488372
"385",716,40.4987834549878
"386",717,42.7602893489648
"387",723,43.6588139723802
"388",724,41.1501340482574
"389",726,43.012315270936
"390",731,44.0053361792956
"391",732,41.2458410351202
"392",733,42.6016751977664
"393",734,44.2174940898345
"394",735,43.1798780487805
"395",736,46.5853658536585
"396",737,45.5478547854785
"397",738,44.0860534124629
"398",739,44.1273917421954
"399",740,46.1882998171846
"400",741,47.2044887780549
"401",742,47.0094899169632
"402",743,43.8429906542056
"403",744,43.7775700934579
"404",745,45.1041308089501
"405",746,43.2793439261917
"406",747,42.3140311804009
"407",748,43.0076103500761
"408",749,41.3199227550692
"409",750,42.8857142857143
"410",751,45.2695241554668
"411",754,42.7847847847848
"412",755,44.0404573438874
"413",756,47.7784482758621
"414",761,43.1763313609468
"415",762,42.2067530064755
"416",763,43.4735915492958
"417",766,44.5073170731707
"418",767,42.9565656565657
"419",768,45.3951270337421
"420",769,42.5235732009926
"421",770,40.1551724137931
"422",782,47.4054982817869
"423",783,42.5364406779661
"424",784,45.8223495702006
"425",785,43.3428330166772
"426",786,44.5173010380623
"427",791,45.5364906832298
"428",792,43.1817420435511
"429",793,43.7179104477612
"430",794,45.9648476732508
"431",841,42.640368852459
"432",842,41.9700956937799
"433",843,43.1261825061854
"434",852,43.338064516129
"435",853,45.568139390168
"436",855,43.6931602741724
"437",861,42.4349670938691
"438",863,43.3367826904986
"439",865,49.2379182156134
"440",866,41.4342218400688
"441",867,38.646783625731
"442",868,41.2142857142857
"443",869,41.0697455230914
"444",870,41.5769048745859
"445",872,41.5324267782427
"446",873,44.9462365591398
"447",874,42.1063829787234
"448",875,39.3836734693877
"449",876,43.5612903225807
"450",877,41.9611231101512
"451",878,37.8914473684211
"452",879,43.431484502447
"453",880,44.111599780099
"454",881,43.0573394495413
"455",883,41.853459972863
"456",884,43.9758607043926
"457",885,41.5855670103093
"458",886,41.8499127399651
"459",888,43.6934801016088
"460",901,41.5413595413595
"461",902,42.3210618308936
"462",903,42.0754787833271
"463",904,41.5787728026534
"464",905,41.5203426124197
"465",906,41.4198895027624
"466",907,42.9121245828699
"467",908,41.6206384558278
"468",909,44.4975438596491
"469",921,42.9443757725587
"470",922,45.0679214402619
"471",923,41.3227684346701
"472",924,44.3203285420945
"473",925,40.8207070707071
"474",927,44.7729196050776
"475",928,41.6899655017249
"476",929,47.2302761341223
"477",931,39.078
"478",932,40.5413223140496
"479",934,48.5644628099174
"480",935,41.4092827004219
"481",936,40.6865079365079
"482",937,40.9208333333333
"483",938,48.9310344827586
"484",939,43.5942380011473
"485",940,42.8757763975155
"486",941,41.2613918806959
"487",942,44.2921609195402
"488",943,40.7592867756315
"489",944,44.3284428142714
"490",945,41.9175588865096
"491",946,42.3574468085106
"492",947,38.843137254902
"493",948,39.9188144329897
"494",951,43.9956859361519
"495",952,42.1002811621368
"496",953,42.6284875183554
"497",954,42.7357097658722
"498",955,42.6524509803922
"499",956,42.5382692908466
"500",957,43.3416683336667
"501",958,42.1279426816786
"502",959,43.1354961832061
"503",960,42.4585115483319
"504",971,45.0255863539446
"505",972,52.35
"506",973,45.7393939393939
"507",975,47.6243902439024
"508",976,40.2670623145401
"509",977,41.6606334841629
"510",978,41.6979166666667
"511",979,42.2577923934801
"512",980,46.5096153846154
"513",981,40.9655172413793
"514",982,42.5088360755637
"515",983,41.2077062010837
"516",985,43.2984293193717
"517",987,45.6212765957447
"518",988,43.2876420454546
"519",989,42.356880733945
"520",990,45.8214285714286
"521",991,46.2854671280277
"522",992,42.0527704485488
"523",993,43.6496519721578
"524",995,42.8251101321586
"525",996,43.7058823529412
"526",1001,36.7933333333333
"527",1002,40.1964765601672
"528",1004,39.0494155154091
"529",1005,39.8815789473684
"530",1007,40.6597633136095
"531",1008,40.0255175734232
"532",1009,39.2901174168297
"533",1010,41.371012482663
"534",1021,42.2702205882353
"535",1022,37.7211538461538
"536",1023,38.6994177583697
"537",1024,40.5164687279211
"538",1025,39.0493273542601
"539",1026,40.3892837616184
"540",1030,39.5093167701863
"541",1031,40.4191259640103
"542",1032,37.8731784166995
"543",1033,37.9443757725587
"544",1037,38.1542699724518
"545",1039,38.4531066822978
"546",1040,40.5639907319068
"547",1041,38.6660079051383
"548",1051,42.1278982797307
"549",1052,39.1071428571429
"550",1053,38.7628650904033
"551",1054,40.9617732336335
"552",1055,38.2068965517241
"553",1056,38.9835907335907
"554",1057,37.8684210526316
"555",1058,43.4318973020018
"556",1059,42.991126229387
"557",1061,42.5372655144843
"558",1062,39.8082427017745
"559",1063,46.0215963811469
"560",1064,39.5473372781065
"561",1065,37.702204323866
"562",1066,40.1954225352113
"563",1067,40.9043020193152
"564",1068,45.3863636363636
"565",1069,45.9942263279446
"566",1081,38.4695112490303
"567",1082,38.2103929024081
"568",1083,37.6979102642901
"569",1084,41.5961995249406
"570",1085,37.3809356313753
"571",1086,37.9910256410256
"572",1088,41.6716557530402
"573",1089,38.1349836524988
"574",1091,39.0822021116139
"575",1093,38.5555221185676
"576",1094,38.5048436202602
"577",1095,37.6295180722892
"578",1097,39.6984971822167
"579",1098,39.2917275650395
"580",1099,39.843101565344
"581",1100,37.5726495726496
"582",1102,39.3928829045444
"583",1103,40.7259220231823
"584",1104,39.0731545111949
"585",1107,39.5637879138689
"586",1121,38.0548780487805
"587",1122,40.3215010141988
"588",1123,36.88038585209
"589",1125,38.7367214367597
"590",1126,38.1970074812968
"591",1127,39.3119718309859
"592",1128,38.2582106455266
"593",1129,38.8264462809917
"594",1130,37.5447368421053
"595",1131,40.3369434416366
"596",1132,39.0975092739799
"597",1135,40.9410395655547
"598",1136,39.0332871012483
"599",1137,38.2549707602339
"600",1139,40.4211150652432
"601",1140,40.3695527522936
"602",1142,40.0862329803328
"603",1143,37.416009557945
"604",1145,39.5863228699552
"605",1146,39.8574317492417
"606",1147,41.3067027758971
"607",1150,39.5373059589384
"608",1151,40.9735539343408
"609",1201,42.3540149951103
"610",1202,44.7635183850036
"611",1203,39.1823783117683
"612",1204,44.6139240506329
"613",1205,40.9031046569855
"614",1206,44.2366189719131
"615",1207,42.1201825557809
"616",1208,47.1872146118721
"617",1209,44.949740034662
"618",1210,46.2376237623762
"619",1211,40.046875
"620",1212,52.3262411347518
"621",1213,42.4820472128546
"622",1214,38.1981184283343
"623",1215,47.2543604651163
"624",1216,43.3790322580645
"625",1217,40.3888888888889
"626",1218,40.5283687943262
"627",1219,38.2485632183908
"628",1220,45.7546728971963
"629",1301,41.6273794521457
"630",1311,44.7977678571429
"631",1321,42.4201321414691
"632",1322,43.0069838498472
"633",1323,43.9629682179342
"634",1331,42.4311357965065
"635",1341,41.0303973902728
"636",1342,39.7910912273877
"637",1343,42.3108808290156
"638",1344,41.9462264150943
"639",1345,38.8712697483909
"640",1346,39.0008873114463
"641",1347,39.9439950217797
"642",1348,42.7455621301775
"643",1349,41.4744062244062
"644",1361,42.3031825795645
"645",1362,40.4150211261533
"646",1363,37.0227272727273
"647",1364,44.0063254744106
"648",1365,38.7563868613139
"649",1366,38.7553380782918
"650",1367,39.9019719919977
"651",1368,47.6742596810934
"652",1369,36.8426966292135
"653",1370,37.2176368375326
"654",1371,38.6214396685655
"655",1372,41.2801561658589
"656",1373,39.8457125603865
"657",1374,40.3771739130435
"658",1375,41.1197424892704
"659",1401,40.010663507109
"660",1402,43.9882841103246
"661",1403,40.7138873396542
"662",1404,38.8096891534391
"663",1405,42.7250233426704
"664",1406,41.3963679431504
"665",1407,42.7606804184182
"666",1501,41.5750564334086
"667",1502,41.4168967421314
"668",1503,39.7468002225932
"669",1504,44.7739130434783
"670",1505,44.770652173913
"671",1506,40.14
"672",1507,45.4945969884854
"673",1508,41.1429032258065
"674",1509,41.8960976199106
"675",1510,46.1512738853503
"676",1511,38.9399441340782
"677",1630,40.8912176209474
"678",1631,45.6760169754684
"679",1632,41.9271280827367
"680",1701,40.7180934595306
"681",1702,40.1953115206218
"682",1703,40.2742992766727
"683",1704,42.7296688443343
"684",1705,39.616991643454
"685",1706,41.8003367003367
"686",1707,38.6917834890966
"687",1708,41.0064969087289
"688",1709,41.8639170453221
"689",1710,43.564453125
"690",1711,42.234926168991
"691",2004,37.8509316770186
"692",2005,37.8959687906372
"693",2008,40.5190156599553
"694",2009,41.4089709762533
"695",2010,42.43798724309
"696",2011,38.3906919779547
"697",2013,37.9556135770235
"698",2014,35.1849315068493
"699",2015,39.6544780927835
"700",2016,36.3399168399168
"701",2022,40.5199203187251
"702",2024,35.7388059701492
"703",2025,35.8754448398576
"704",2027,36.8695652173913
"705",2029,38.8237043330501
"706",2033,39.7857142857143
"707",2034,39.2093397745572
"708",2035,38.9607843137255
"709",2038,36.3846153846154
"710",2039,37.337962962963
"711",2040,41.9490740740741
"712",2041,38.2525617842073
"713",2043,38.6296296296296
"714",2044,41.5363636363636
"715",2045,35.9381188118812
"716",2047,40.3502673796791
"717",2049,35.0204081632653
"718",2050,39.0362989323843
"719",2051,43.108818011257
"720",2052,38.449508489723
"721",2061,39.9669117647059
"722",2063,40.1601164483261
"723",2066,37.992277992278
"724",2067,38.3713527851459
"725",2068,37.0330788804071
"726",2072,38.6596385542169
"727",2079,36.5968586387435
"728",2086,37.8546511627907
"729",2087,39.9859296482412
"730",2089,37.8571428571429
"731",2096,38.2917388792605
"732",2097,38.2966734555329
"733",2099,38.2523406152474
"734",2102,37.3824931880109
"735",2111,37.5556458164094
"736",2113,38.1510439804531
"737",2114,39.4946319018405
"738",2115,37.4079096045198
"739",2116,38.4764397905759
"740",2121,43.0262639527249
"741",2122,39.0692957746479
"742",2123,39.0091575091575
"743",2124,40.6895450917797
"744",2125,38.008139693511
"745",2128,40.6094890510949
"746",2129,39.3635280095352
"747",2130,46.2205438066465
"748",2131,36.977886977887
"749",2134,38.0754716981132
"750",2135,38.5141662796098
"751",2137,38.1197511664075
"752",2138,43.6238670694864
"753",2140,36.828634604754
"754",2143,40.4510135135135
"755",2145,38.2355516637478
"756",2147,39.0745762711864
"757",2148,38.4856902356902
"758",2149,39.2349659020459
"759",2152,37.0027643400138
"760",2153,38.1584699453552
"761",2155,38.7209302325581
"762",2160,37.6397896581946
"763",2162,39.2300542215337
"764",2163,44.6730132450331
"765",2171,37.5381944444444
"766",2172,40.0140845070423
"767",2173,37.9227895392279
"768",2174,38.5640341515475
"769",2175,36.6387939073671
"770",2177,35.2529274004684
"771",2179,40.4715447154472
"772",2183,39.8666380789022
"773",2184,36.2018278750952
"774",2185,37.3492822966507
"775",2186,37.038255033557
"776",2189,38.9802158273381
"777",2192,37.0263864042934
"778",2194,40.1333333333333
"779",2196,39.7351710878433
"780",2197,36.59456
"781",2198,34.9961286480048
"782",2200,37.8521052631579
"783",2206,41.0389706792033
"784",2208,39.1474983755686
"785",2211,36.7363919129082
"786",2213,37.3659711075441
"787",2216,41.5107913669065
"788",2217,37.9912536443149
"789",2220,40.4106736088513
"790",2221,39.0229540918164
"791",2222,38.8734082397004
"792",2223,36.1134920634921
"793",2225,41.525641025641
"794",2226,39.3300970873786
"795",2228,38.6311974962939
"796",2230,37.1162790697674
"797",2231,35.4130653266332
"798",2233,37.544099378882
"799",2234,37.2787144362487
"800",2235,37.4211502782931
"801",2243,42.7476280834915
"802",2250,38.1729691876751
"803",2251,42.8805460750853
"804",2254,36.5838087476229
"805",2257,39.3733905579399
"806",2258,43.7782608695652
"807",2259,41.9736434108527
"808",2260,44.0879478827362
"809",2261,42.9830508474576
"810",2262,39.7583293095123
"811",2264,40.3566265060241
"812",2265,39.1794554455446
"813",2266,43.1196013289037
"814",2270,44.5359116022099
"815",2271,43.4222972972973
"816",2272,37.6550408719346
"817",2274,44.3549738219895
"818",2275,42.2521843928894
"819",2276,40.3086757990868
"820",2277,39.7740303541315
"821",2278,41.9178743961353
"822",2279,40.2373158756137
"823",2280,41.8198113207547
"824",2281,45.3527272727273
"825",2283,39.4586129753915
"826",2291,41.733268197362
"827",2292,41.5993930197269
"828",2293,42.2277392866307
"829",2294,40.814983713355
"830",2295,41.6521739130435
"831",2296,40.3117261471231
"832",2298,40.6556962025316
"833",2299,44.0428859737639
"834",2300,43.6816846229187
"835",2301,43.5135135135135
"836",2302,42.5814299900695
"837",2303,42.9335410176532
"838",2304,41.7425287356322
"839",2305,40.0727722772277
"840",2306,40.7035909920876
"841",2307,41.130173062453
"842",2308,41.9130250318201
"843",2309,40.27167736022
"844",2310,41.2090680100756
"845",2321,37.7675265553869
"846",2323,36.3641231593039
"847",2325,38.6769945778466
"848",2328,39.5911270983213
"849",2333,37.0909961685824
"850",2335,38.3046421663443
"851",2336,38.9794908062235
"852",2337,36.8263829787234
"853",2338,37.5766233766234
"854",2401,40.501015375689
"855",2402,39.3939986953686
"856",2403,40.9564971751412
"857",2404,39.8881322957198
"858",2405,40.1951871657754
"859",2406,39.2936870997255
"860",2407,39.7749476059971
"861",2408,42.9332051898126
"862",2421,42.6302367941712
"863",2422,41.2016946336601
"864",2423,39.7578947368421
"865",2424,44.5065666041276
"866",2425,44.2314960629921
"867",2426,41.2087658592849
"868",2427,42.7770897832817
"869",2428,42.8277414075286
"870",2429,44.4982206405694
"871",2445,43.3777089783282
"872",2455,42.9593175853018
"873",2456,47.2031746031746
"874",2457,41.5523613963039
"875",2461,42.0978363123236
"876",2463,39.9458128078818
"877",2464,42.1892147587512
"878",2465,42.8201037096131
"879",2471,41.2945606694561
"880",2472,40.2309236947791
"881",2473,44.0022942795962
"882",2474,40.7457817772778
"883",2475,43.2026295436968
"884",2476,43.3352308665402
"885",2477,46.3252747252747
"886",2478,43.2813765182186
"887",2479,44.8618618618619
"888",2480,44.3551859099804
"889",2481,43.4524765729585
"890",2491,41.4235668789809
"891",2492,42.746641074856
"892",2493,42.5392256749873
"893",2495,42.2857903139968
"894",2497,42.3960306720794
"895",2498,41.3404255319149
"896",2499,42.9302325581395
"897",2500,41.9635664873175
"898",2501,44.3104395604396
"899",2502,44.4158415841584
"900",2503,41.2434501030321
"901",2511,42.9399671052632
"902",2513,43.0457254043536
"903",2514,39.507880910683
"904",2516,43.13769751693
"905",2517,42.0652001899035
"906",2518,42.2642947903431
"907",2519,40.9296311146752
"908",2520,42.9392898052692
"909",2523,41.9768786127168
"910",2524,44.5425531914894
"911",2525,42.7535321821036
"912",2526,43.8906134515891
"913",2527,43.2778585976142
"914",2528,43.4023402340234
"915",2529,41.4250309789343
"916",2530,43.2398685651698
"917",2532,41.0410691003911
"918",2534,41.6880146386093
"919",2535,42.3180592991914
"920",2541,44.7623762376238
"921",2542,43.5952792170409
"922",2543,43.7180381695054
"923",2544,46.3839835728953
"924",2545,44.1876955161627
"925",2546,43.971148676901
"926",2547,44.3411458333333
"927",2548,41.7889655172414
"928",2549,45.6060606060606
"929",2550,45.0789543878368
"930",2551,44.4036511156187
"931",2553,44.4165659008464
"932",2554,42.9571865443425
"933",2555,43.9137358991374
"934",2556,42.5767949106331
"935",2571,38.5455782312925
"936",2572,43.2094618996027
"937",2573,42.2105370635083
"938",2574,41.6372239747634
"939",2575,41.1685979142526
"940",2576,40.3598183881952
"941",2578,41.9631419939577
"942",2579,41.411631730374
"943",2580,41.7010042112083
"944",2581,42.3141927886503
"945",2582,45.7904761904762
"946",2583,42.014364867638
"947",2584,42.0858823529412
"948",2585,43.9234104046243
"949",2586,42.0503144654088
"950",2601,42.7788409784104
"951",2611,46.1022167487685
"952",2612,43.8603773584906
"953",2613,42.0548748002131
"954",2614,41.1389645776567
"955",2615,44.0321151716501
"956",2616,42.2409836065574
"957",2617,44.783950617284
"958",2618,45.8204301075269
"959",2619,44.8918918918919
"960",2620,42.8509036144578
"961",2621,42.8064859117491
"962",2622,41.2570532915361
"963",2701,42.8033263494903
"964",2702,46.0889464594128
"965",2703,46.3711131466037
"966",2761,43.6960581932567
"967",2762,44.2112001563722
"968",2763,45.7083378510246
"969",2764,43.7109741784038
"970",2765,44.8227630447722
"971",2766,45.1191579760525
"972",2767,44.8917869895979
"973",2768,44.0554439533949
"974",2769,43.7311990589026
"975",2770,44.5157864849517
"976",2771,43.5426384511481
"977",2772,44.5994919559695
"978",2773,45.5003977724742
"979",2774,44.7947598253275
"980",2775,43.5865893874288
"981",2781,44.610071942446
"982",2782,41.1379738968303
"983",2783,44.9961977186312
"984",2784,43.7832647462277
"985",2785,41.6291390728477
"986",2786,42.0315217391304
"987",2787,42.1080447330447
"988",2788,44.2724935732648
"989",2789,42.1404761904762
"990",2790,43.1642857142857
"991",2791,41.7739837398374
"992",2792,41.7992907801419
"993",2793,40.6988058381247
"994",2821,42.4888487040386
"995",2822,48.1351636747624
"996",2823,42.9333028780265
"997",2824,41.4194144838213
"998",2825,45.7315849486887
"999",2826,41.3040540540541
"1000",2827,44.8993902439024
"1001",2828,41.347028320702
"1002",2829,42.0155550820371
"1003",2830,43.3667844522968
"1004",2831,41.9872939992452
"1005",2832,43.5708154506438
"1006",2833,45.1077981651376
"1007",2834,40.7684824902724
"1008",2841,40.7581475128645
"1009",2842,41.8922686945501
"1010",2843,43.3751803751804
"1011",2844,42.8408408408408
"1012",2845,39.3212795549374
"1013",2846,42.847539616347
"1014",2847,40.8161764705882
"1015",2848,46.1439114391144
"1016",2849,41.2581429265921
"1017",2850,44.3903846153846
"1018",2851,42.3701298701299
"1019",2852,42.9124423963134
"1020",2853,43.5705196182397
"1021",2854,43.1853281853282
"1022",2855,41.1020833333333
"1023",2856,42.8826868495743
"1024",2857,41.0318257956449
"1025",2858,42.3840206185567
"1026",2859,41.5958549222798
"1027",2860,44.6224226804124
"1028",2861,41.3010265700483
"1029",2862,40.0232018561485
"1030",2863,43.5346756152125
"1031",2864,42.2744817726948
"1032",2865,45.0780821917808
"1033",2866,44.9690048939641
"1034",2867,40.6550116550117
"1035",2868,41.950103950104
"1036",2869,44.2404306220096
"1037",2881,43.1038732394366
"1038",2882,41.0712074303406
"1039",2883,41.0680359435173
"1040",2884,40.5123609394314
"1041",2885,42.187969924812
"1042",2886,41.7619047619048
"1043",2887,44.6945010183299
"1044",2888,43.3215725806452
"1045",2889,44.9296636085627
"1046",2890,45.40625
"1047",2891,43.1827836780324
"1048",2892,42.5014589412255
"1049",2893,41.9705698184095
"1050",2894,44.4289215686275
"1051",2895,42.530276816609
"1052",2901,43.9502427184466
"1053",2903,40.9971160778659
"1054",2904,41.5858101629914
"1055",2914,43.742774566474
"1056",2915,43.7355967078189
"1057",2917,39.9167767503302
"1058",2919,40.6890060240964
"1059",2920,43.1005101076894
"1060",2931,43.6701030927835
"1061",2932,42.1803567496146
"1062",2933,43.878640776699
"1063",2936,40.0393063583815
"1064",2937,43.2064753780535
"1065",2938,44.0407608695652
"1066",2939,43.2860242572605
"1067",2951,43.7151767151767
"1068",2952,44.86186540732
"1069",2953,44.3369304556355
"1070",2961,45.2120253164557
"1071",2962,43.3217391304348
"1072",2963,44.2129832239241
"1073",2964,45.7472330242297
"1074",2971,43.8262548262548
"1075",2972,41.2027334851936
"1076",2973,43.5058236272879
"1077",2974,43.1811805961426
"1078",3001,41.8498187138223
"1079",3002,37.0821205821206
"1080",3003,39.6202290076336
"1081",3004,39.888961463096
"1082",3005,40.4032716927454
"1083",3006,41.4161103693814
"1084",3007,40.57599551318
"1085",3021,40.1478005865103
"1086",3022,42.5115522290921
"1087",3023,42.6858837485172
"1088",3024,43.7810218978102
"1089",3025,41.4923708920188
"1090",3031,43.8085317460318
"1091",3032,43.716694772344
"1092",3033,43.1937799043062
"1093",3034,42.7391555812608
"1094",3035,45.9147398843931
"1095",3036,42.0888625592417
"1096",3037,43.3529698149951
"1097",3038,42.5954929577465
"1098",3101,42.0054963929921
"1099",3102,41.6907073509015
"1100",3103,39.3293617021277
"1101",3104,39.1603603603604
"1102",3105,38.544696618805
"1103",3111,43.6477035490606
"1104",3201,38.5316455696203
"1105",3202,37.8979253112033
"1106",3203,40.8376843443035
"1107",3204,42.2730004144219
"1108",3211,41.4261904761905
"1109",3212,42.025641025641
"1110",3213,43.411855104281
"1111",3214,41.2510530749789
"1112",3215,41.6486867809855
"1113",3216,42.9452453562517
"1114",3217,42.4117647058824
"1115",3218,40.5317875841436
"1116",3219,38.6545454545455
"1117",3231,41.3110599078341
"1118",3232,40.9415295686972
"1119",3233,41.496316992634
"1120",3234,38.8878210178037
"1121",3235,43.3470250679553
"1122",3236,40.8475483425414
"1123",3237,41.9568938686586
"1124",3238,39.7173330474863
"1125",3251,40.941450959676
"1126",3252,38.3807667316439
"1127",3253,39.4496958352831
"1128",3254,39.0422066750774
"1129",3255,41.2837292693859
"1130",3256,40.1347517730496
"1131",3271,40.30787820203
"1132",3272,39.4484223300971
"1133",3273,40.7130899119642
"1134",3274,40.6571537290715
"1135",3275,39.8780033140017
"1136",3276,40.420187344676
"1137",3291,43.3805541035024
"1138",3292,40.8200862600123
"1139",3293,39.9719257540603
"1140",3294,42.1824539097266
"1141",3295,43.0583274771609
"1142",3296,40.4661466976435
"1143",3297,40.2355345235535
"1144",3298,41.5197463768116
"1145",3311,45.5702199661591
"1146",3312,38.6521440823328
"1147",3313,38.2529239766082
"1148",3315,40.0340244550771
"1149",3316,44.0670846394984
"1150",3338,41.5883315158124
"1151",3339,39.7772835583797
"1152",3340,42.3658790697674
"1153",3341,42.3056953109278
"1154",3342,40.1057766085718
"1155",3352,43.3668182717026
"1156",3359,43.2264716910386
"1157",3360,43.6228191636666
"1158",3372,39.6483279395901
"1159",3374,42.1135531135531
"1160",3375,40.6815384615385
"1161",3378,41.2141606204654
"1162",3379,42.2891271413588
"1163",3392,39.1324092855533
"1164",3393,38.4486560992419
"1165",3394,39.2541042112777
"1166",3395,40.4319814110689
"1167",3401,40.09625
"1168",3402,40.4471450617284
"1169",3405,38.2896203875763
"1170",3407,40.2234997637423
"1171",3408,40.2239261403646
"1172",3422,37.3502304147465
"1173",3423,37.7835771276596
"1174",3424,39.0730337078652
"1175",3426,40.2167497921862
"1176",3427,41.1566738496641
"1177",3441,39.1126908899421
"1178",3442,41.4441394127477
"1179",3443,41.4595945570675
"1180",3444,38.2912759306621
"1181",3503,41.1111111111111
"1182",3506,43.9139072847682
"1183",3513,46.0190114068441
"1184",3514,49.9752066115703
"1185",3521,42.6489151873767
"1186",3522,43.2966292134831
"1187",3531,52.1061452513967
"1188",3532,44.35546875
"1189",3533,55.0333333333333
"1190",3534,58.7307692307692
"1191",3536,45.6963696369637
"1192",3538,43.2932692307692
"1193",3539,44.7971887550201
"1194",3540,53.75
"1195",3541,48.1758957654723
"1196",3542,45.2659654395192
"1197",3551,47.6880650994575
"1198",3561,44.2840876743524
"1199",3572,44.7654723127036
"1200",3575,43.3067408781695
"1201",3581,42.1770682148041
"1202",3582,40.7337662337662
"1203",3603,44.9929292929293
"1204",3611,44.8275862068966
"1205",3612,45.0615199034982
"1206",3616,45.0029585798817
"1207",3617,46.2365930599369
"1208",3618,47.5140776699029
"1209",3619,43.8647497337593
"1210",3633,43.536231884058
"1211",3637,40.006600660066
"1212",3638,43.0731707317073
"1213",3640,41.9741100323625
"1214",3661,42.5970292285577
"1215",3662,38.9737991266376
"1216",3663,37.9705263157895
"1217",3668,42.3752066115703
"1218",3669,46.0793650793651
"1219",3670,49.2695035460993
"1220",3672,43.8381696428572
"1221",3673,42.0293360782295
"1222",3681,47.5654761904762
"1223",3691,47.7878787878788
"1224",3693,40.5128205128205
"1225",3694,48.2369791666667
"1226",3695,44.152
"1227",3701,45.1440501043841
"1228",3703,42.1346153846154
"1229",3705,41.5528846153846
"1230",3707,48.3953488372093
"1231",3708,43.4038461538462
"1232",3711,42.5932203389831
"1233",3712,43.166253101737
"1234",3713,48.1071428571429
"1235",3721,39.6773484134464
"1236",3722,40.3285532994924
"1237",3723,39.5466666666667
"1238",3731,38.8364297253635
"1239",3732,44.7704857248795
"1240",3733,43.6413969335605
"1241",3734,42.5245653817082
"1242",3746,43.1828025477707
"1243",3752,42.2199223803364
"1244",3762,43.7021321961621
"1245",3764,44.2787610619469
"1246",3781,43.6427432216906
"1247",3782,43.1571056062582
"1248",3783,41.7729257641921
"1249",3784,41.8518005540166
"1250",3785,43.4526034712951
"1251",3786,42.5921228304406
"1252",3787,44.557529109927
"1253",3788,43.1104734576758
"1254",3789,42.3311432325887
"1255",3790,46.1593001841621
"1256",3791,41.4288
"1257",3792,46.009765625
"1258",3804,52.2173913043478
"1259",3805,48.6541353383459
"1260",3808,54.8571428571429
"1261",3810,53.1470588235294
"1262",3821,44.2411994784876
"1263",3822,46.3810229799852
"1264",3823,51.6887608069164
"1265",3831,42.492119089317
"1266",3832,43.6480392156863
"1267",3833,42.9782608695652
"1268",3834,43.0442054958184
"1269",3835,44.7911227154047
"1270",3836,44.0858895705521
"1271",3837,51.3368983957219
"1272",3847,46.6640675763483
"1273",3851,42.7822486272392
"1274",3861,42.8833333333333
"1275",3862,41.511961722488
"1276",3863,43.7145313843508
"1277",3871,45.6751575630252
"1278",3881,43.0976744186047
"1279",3882,41.951048951049
"1280",3883,45.1069958847737
"1281",3891,43.7241379310345
"1282",3893,41.963746223565
"1283",3901,43.4277098003001
"1284",3911,42.5748768472906
"1285",3921,45.7544461778471
"1286",3926,44.6422924901186
"1287",3932,44.6114649681529
"1288",3941,39.0645161290323
"1289",3945,40.8400250941029
"1290",3946,39.5243353783231
"1291",3947,41.3897649509075
"1292",3951,41.5091164095372
"1293",3952,41.0405701754386
"1294",3953,42.4416335381279
"1295",3954,41.6428571428571
"1296",3955,41.333144411698
"1297",3961,41.890625
"1298",3962,41.788876276958
"1299",3972,41.6107913669065
"1300",3981,43.6756756756757
"1301",3982,45.0333333333333
"1302",3983,48.3161953727506
"1303",3985,46.2200328407225
"1304",3986,45.6827794561934
"1305",3987,46.3793677204659
"1306",4001,41.7151134717528
"1307",4002,45.6560595802302
"1308",4003,39.6776613633424
"1309",4004,44.1595441595442
"1310",4005,43.5799144223509
"1311",4006,42.0548977395048
"1312",4007,40.9802673456397
"1313",4008,42.5744610281924
"1314",4009,41.7376664056382
"1315",4010,41.7731397459165
"1316",4012,39.8165387722132
"1317",4013,41.6856796116505
"1318",4021,40.3023879654955
"1319",4022,43.8191214470284
"1320",4023,43.2572706935123
"1321",4024,39.9958932238193
"1322",4026,41.6952466907341
"1323",4027,41.5523758099352
"1324",4028,39.0020408163265
"1325",4029,42.035175879397
"1326",4030,41.0857142857143
"1327",4031,40.2435667265111
"1328",4032,38.3850216034566
"1329",4033,39.2571588994947
"1330",4034,39.6385077673206
"1331",4035,41.300839425941
"1332",4037,44.4243551587302
"1333",4038,42.5975552968568
"1334",4039,41.2827045565899
"1335",4040,38.0164400604283
"1336",4041,37.5539971949509
"1337",4042,39.2680722891566
"1338",4044,40.7003211841922
"1339",4045,42.8337767267711
"1340",4046,40.141059602649
"1341",4047,40.110989731265
"1342",4048,41.1812903225806
"1343",4049,40.8298545224541
"1344",4061,40.6727961060033
"1345",4062,41.2842881944444
"1346",4063,40.6405144694534
"1347",4064,41.580612244898
"1348",4065,39.2986777288048
"1349",4066,42.4873150105708
"1350",4067,39.4225092250922
"1351",4068,41.1037618850765
"1352",4071,39.6260525012382
"1353",4072,39.5954364360739
"1354",4073,42.518961038961
"1355",4074,42.9096249435156
"1356",4075,40.5642597638511
"1357",4076,39.8994652406417
"1358",4077,38.8831615120275
"1359",4078,39.538961038961
"1360",4079,41.4969183359014
"1361",4080,38.942031049708
"1362",4081,44.7737328479418
"1363",4082,41.5220512820513
"1364",4083,41.9904109589041
"1365",4084,39.3608903020668
"1366",4091,43.6511182108626
"1367",4092,38.492503407542
"1368",4093,42.4949784791966
"1369",4094,42.5352697095436
"1370",4095,42.3676785714286
"1371",4096,43.1109298531811
"1372",4097,43.7885304659498
"1373",4099,43.4766584766585
"1374",4100,41.5397710595832
"1375",4104,42.8549651567944
"1376",4105,40.5520504731861
"1377",4106,46.5268542199489
"1378",4107,39.7833491012299
"1379",4110,42.2912713472486
"1380",4111,42.628552097429
"1381",4112,42.6166281755196
"1382",4113,43.3620955315871
"1383",4114,42.995253164557
"1384",4117,43.8376703841388
"1385",4120,41.1416666666667
"1386",4121,42.0601281419418
"1387",4122,41.8709472345836
"1388",4123,40.3104197799212
"1389",4124,44.1815286624204
"1390",4125,43.8453237410072
"1391",4131,42.9941272430669
"1392",4132,46.5185512367491
"1393",4133,41.1521961184883
"1394",4134,41.1759410801964
"1395",4135,42.9793070259865
"1396",4136,40.204252088079
"1397",4137,42.1814345991561
"1398",4138,42.5
"1399",4139,41.0925801011804
"1400",4140,40.8086924219911
"1401",4141,41.6497188951357
"1402",4142,43.2012195121951
"1403",4143,43.1365979381443
"1404",4144,42.7588736393753
"1405",4145,42.7738246505718
"1406",4146,41.623569023569
"1407",4147,43.0151515151515
"1408",4161,41.2809653916211
"1409",4163,40.9644208932627
"1410",4164,43.102
"1411",4165,40.8202088625459
"1412",4166,39.8633496846531
"1413",4167,41.4770053475936
"1414",4169,42.0878951426369
"1415",4170,42.2875252088735
"1416",4172,40.8458980044346
"1417",4173,38.8998330550918
"1418",4175,41.1567796610169
"1419",4176,42.7344213649852
"1420",4177,40.6931012250161
"1421",4179,39.1844444444444
"1422",4181,40.4457236842105
"1423",4182,40.0606965174129
"1424",4183,40.8983666061706
"1425",4184,44.1249351995853
"1426",4191,40.3460410557185
"1427",4192,42.0966149506347
"1428",4193,38.6393442622951
"1429",4194,38.9880073800738
"1430",4195,41.4629213483146
"1431",4196,40.1442115768463
"1432",4197,41.0101265822785
"1433",4198,38.4849527085125
"1434",4199,40.5618466898955
"1435",4200,38.5997931747673
"1436",4201,40.865313250382
"1437",4202,42.9992902767921
"1438",4203,41.4671217292378
"1439",4204,38.8702155741311
"1440",4205,38.8750463477938
"1441",4206,39.2564152410575
"1442",4207,40.9253279515641
"1443",4208,40.8642725112226
"1444",4209,41.3842264914055
"1445",4210,41.9921688798093
"1446",4221,36.2979381443299
"1447",4222,40.1416184971098
"1448",4223,36.404137235116
"1449",4224,38.887037037037
"1450",4226,38.658978583196
"1451",4227,41.5288966725044
"1452",4228,39.936690647482
"1453",4229,39.8671193016489
"1454",4230,40.7848639455782
"1455",4231,38.6363636363636
"1456",4232,36.8905472636816
"1457",4233,40.6333333333333
"1458",4234,38.6842105263158
"1459",4235,39.5149812734082
"1460",4236,40.2684758266368
"1461",4237,37.0013227513228
"1462",4238,40.6687344913151
"1463",4239,38.6570822531228
"1464",4240,40.1249094858798
"1465",4251,43.0049813200498
"1466",4252,41.4907457322552
"1467",4253,41.8321093947835
"1468",4254,40.3721551644707
"1469",4255,42.686701728024
"1470",4256,40.9481132075472
"1471",4257,48.4213483146067
"1472",4258,42.0960702022129
"1473",4259,42.3302872062663
"1474",4260,41.2315051020408
"1475",4261,43.1305263157895
"1476",4262,43.0037105751392
"1477",4263,42.4712340799297
"1478",4264,42.7997671711292
"1479",4271,39.1358280460961
"1480",4272,40.7624113475177
"1481",4273,42.8186462324393
"1482",4274,41.6651982378855
"1483",4275,41.0344009489917
"1484",4276,40.7338483146067
"1485",4277,39.9509269356598
"1486",4279,42.0072614107884
"1487",4280,40.1573466153498
"1488",4281,38.5124497991968
"1489",4282,40.9836480884385
"1490",4283,41.9052774018945
"1491",4284,41.1588180978763
"1492",4285,42.0952795301283
"1493",4286,43.1594415870683
"1494",4287,42.537454164484
"1495",4288,42.9461077844311
"1496",4289,42.3136589187777
"1497",4301,42.1143911439114
"1498",4302,46.9151515151515
"1499",4303,42.6463227783453
"1500",4304,41.7475651487233
"1501",4305,40.6214398734177
"1502",4306,38.9113636363636
"1503",4307,41.6601382488479
"1504",4308,44.1388888888889
"1505",4309,42.5646135265701
"1506",4310,40.9029484029484
"1507",4311,42.6459968602826
"1508",4312,39.8046494188226
"1509",4313,43.1258215962441
"1510",4314,42.1564885496183
"1511",4315,40.2568250758342
"1512",4316,40.3274695534506
"1513",4317,41.7628865979381
"1514",4318,45.0194610778443
"1515",4319,40.9339622641509
"1516",4320,40.592116538132
"1517",4322,43.0589887640449
"1518",4323,45.3780019212296
"1519",4401,42.5615449320062
"1520",4406,39.298682284041
"1521",4411,40.4520008746993
"1522",4416,40.8624898291294
"1523",4421,43.9039569727238
"1524",4426,43.0409181636727
"1525",4431,40.1009485094851
"1526",4436,42.655166000186
"1527",4441,40.2733096085409
"1528",4446,41.9230769230769
"1529",4451,43.1823144104804
"1530",4461,40.1484023488142
"1531",4471,40.9781170483461
"1532",4476,37.7629690949227
"1533",4486,38.2762402088773
"1534",4495,38.525974025974
"1535",4501,39.91924592009
"1536",4506,40.8505933117584
"1537",4511,38.9716060337178
"1538",4536,41.6652078774617
"1539",4545,42.2355821545158
"1540",4546,41.9479418886199
"1541",4551,41.325108028201
"1542",4561,39.9394277220364
"1543",4566,41.1365025740026
"1544",4571,39.2710843373494
"1545",4590,39.966265060241
"1546",4591,39.0828582288103
"1547",4601,45.1734164070613
"1548",4606,40.516323024055
"1549",4611,39.9417134831461
"1550",4616,41.4235727440147
"1551",4621,43.9355877616747
"1552",4641,40.5886458818055
"1553",4643,45.0842929525564
"1554",4646,43.9384759525297
"1555",4651,43.0892307692308
"1556",4656,41.4790343074968
"1557",4666,41.0137902214793
"1558",4671,42.0424751647944
"1559",4681,38.8902821316614
"1560",4683,38.9385171790235
"1561",4691,41.7421069084089
"1562",4696,40.3049225159526
"1563",4701,42.0646718146718
"1564",4711,39.3951903807615
"1565",4716,39.3682842287695
"1566",4721,40.436986790432
"1567",4723,37.8302631578947
"1568",4724,40.5719962599346
"1569",4726,41.5703479576399
"1570",4741,39.2879282218597
"1571",4746,39.1409867172676
"1572",4751,40.340064911648
"1573",4756,37.6953316953317
"1574",4761,40.0591530944625
"1575",4776,38.896529562982
"1576",4781,39.9694323144105
"1577",4786,38.0920145926226
"1578",4791,38.8974130240856
"1579",4801,49.1498257839721
"1580",4806,42.5426086956522
"1581",4811,39.8352941176471
"1582",4816,40.9867724867725
"1583",4821,40.3966446974236
"1584",4826,41.8642172523962
"1585",4831,40.6868932038835
"1586",4841,40.5476558475013
"1587",4846,43.2379746835443
"1588",4851,45.396255850234
"1589",4864,44.4715512614063
"1590",4871,41.6146953405018
"1591",4881,41.4013605442177
"1592",4891,40.224174492578
"1593",4901,40.5238444607484
"1594",4911,40.0772357723577
"1595",4921,39.5256183745583
"1596",4941,39.3205221174764
"1597",4946,41.429158845088
"1598",4951,40.653748946925
"1599",5001,41.9220698254364
"1600",5002,43.296537032991
"1601",5003,38.5503258508327
"1602",5004,41.2035842293907
"1603",5005,42.9888721455894
"1604",5006,41.1741496598639
"1605",5007,40.5406091370558
"1606",5008,43.4759036144578
"1607",5009,48.0415584415584
"1608",5010,42.1574858757062
"1609",5012,42.609756097561
"1610",5013,40.1532485875706
"1611",5014,45.3388704318937
"1612",5015,41.8171521035599
"1613",5017,41.0638739112402
"1614",5018,47.0083682008368
"1615",5019,43.132951653944
"1616",5048,46.3550646551724
"1617",5049,47.0117779024117
"1618",5050,44.4250602409639
"1619",5061,45.0348984771574
"1620",5063,50.8981481481481
"1621",5064,43.2150433944069
"1622",5071,48.5606060606061
"1623",5072,46.713204951857
"1624",5073,46.4937428896473
"1625",5076,44.7470930232558
"1626",5077,44.1646423751687
"1627",5078,44.3427895981087
"1628",5079,46.3920076117983
"1629",5081,50.5641025641026
"1630",5091,49.2187902187902
"1631",5095,51.0164835164835
"1632",5096,53.4040404040404
"1633",5097,52.3216506500848
"1634",5102,66.6153846153846
"1635",5105,47.19
"1636",5108,43.468853912658
"1637",5109,54.9736842105263
"1638",5112,39.8548026805659
"1639",5113,44.9326778557114
"1640",5115,44.3593678072733
"1641",5117,47.4449541284404
"1642",5118,47.2386802871342
"1643",5119,52.25
"1644",5120,51.1943527686102
"1645",5121,52.5783926218709
"1646",5125,52.9134615384615
"1647",5129,46.7472527472527
"1648",5131,43.5593043478261
"1649",5132,61.09375
"1650",5135,47.6881720430108
"1651",5136,54.9551020408163
"1652",5137,49.682119205298
"1653",5138,42.2041938810588
"1654",5141,43.2249832102082
"1655",5143,41.5919540229885
"1656",5144,44.5727091633466
"1657",5146,48.0876623376623
"1658",5148,41.0796632124352
"1659",5149,43.4755905511811
"1660",5151,42.6648936170213
"1661",5154,46.6716417910448
"1662",5160,48.9711340206186
"1663",5161,43.4953886693017
"1664",5162,41.109875735775
"1665",5167,42.7945718296678
"1666",5171,44.7266651302143
"1667",5176,42.7079303675048
"1668",5178,46.0136830102623
"1669",5180,42.403988183161
"1670",5181,43.6696914700544
"1671",5186,41.5337186897881
"1672",5187,43.301185770751
"1673",5189,41.2830508474576
"1674",5192,44.0185426922291
"1675",5193,46.2054886211513
"1676",5194,42.7038461538462
"1677",5195,45.8478605388273
"1678",5196,43.6337574488646
"1679",5197,41.6461327857632
"1680",5198,45.2577777777778
"1681",5199,40.6472754050074
"1682",5200,41.2154340836013
"1683",5202,46.8577777777778
"1684",5203,48.4291287386216
"1685",5205,44.5943970767357
"1686",5206,44.4036697247706
"1687",5207,44.8858173076923
"1688",5208,41.6965277777778
"1689",5210,44.4590527873705
"1690",5212,41.0069296375267
"1691",5213,47.6836861768369
"1692",5214,42.8382716049383
"1693",5216,43.5330520393812
"1694",5219,44.1458333333333
"1695",5221,43.228125
"1696",5222,45.522792022792
"1697",5225,39.5360983102919
"1698",5226,42.5738810545677
"1699",5227,41.9108072916667
"1700",5230,42.5249569707401
"1701",5231,42.502
"1702",5233,43.8457446808511
"1703",5236,43.9950760008564
"1704",5237,44.0211118930331
"1705",5238,41.2043468996378
"1706",5242,45.3318584070796
"1707",5249,44.5820610687023
"1708",5250,46.6967213114754
"1709",5251,45.5701294158797
"1710",5254,44.4797161601285
"1711",5257,44.2341895100367
"1712",5260,45.6354166666667
"1713",5263,44.3593869731801
"1714",5266,41.7376516464471
"1715",5268,44.5443112021059
"1716",5269,45.2861328125
"1717",5281,43.5286964980545
"1718",5282,39.7618542108988
"1719",5283,42.0600858369099
"1720",5284,42.6225749559083
"1721",5285,42.4090395480226
"1722",5286,41.4858490566038
"1723",5304,45.9423076923077
"1724",5307,51.4912280701754
"1725",5309,50.3207547169811
"1726",5310,46.3848101265823
"1727",5315,51.0408163265306
"1728",5317,43.5669504643963
"1729",5323,47.5648148148148
"1730",5324,42.5122950819672
"1731",5396,43.7100840336135
"1732",5397,48.2094017094017
"1733",5398,45.1010514018692
"1734",5401,40.0167974250654
"1735",5402,40.5353068984248
"1736",5403,38.3684210526316
"1737",5404,46.4480369515012
"1738",5405,43.0734017363852
"1739",5406,41.0559824368825
"1740",5407,34.6304450757576
"1741",5408,38.1642371234208
"1742",5409,39.9194721249663
"1743",5410,44.3342269883825
"1744",5411,46.0796758946658
"1745",5412,38.7568533969011
"1746",5413,36.8776978417266
"1747",5414,40.4005083514887
"1748",5415,42.5968841285297
"1749",5421,40.970007315289
"1750",5422,39.8401234567901
"1751",5423,41.4367588932806
"1752",5424,37.8831615120275
"1753",5425,40.9418901660281
"1754",5426,42.2268041237113
"1755",5427,39.8855140186916
"1756",5428,40.0878201777313
"1757",5429,41.2478448275862
"1758",5430,38.5638766519824
"1759",5431,41.2338983050847
"1760",5432,38.8111753371869
"1761",5434,40.1600418410042
"1762",5435,39.5385694249649
"1763",5436,39.2369942196532
"1764",5437,35.3765903307888
"1765",5451,38.9737226277372
"1766",5456,39.4096306068602
"1767",5458,40.1186046511628
"1768",5464,42.2715700141443
"1769",5471,33.0556552962298
"1770",5472,37.0698924731183
"1771",5473,37.2819979188345
"1772",5474,38.8812351543943
"1773",5475,38.7166666666667
"1774",5476,37.2439024390244
"1775",5477,37.1409377570606
"1776",5478,37.3213530655391
"1777",5479,40.5114155251142
"1778",5480,37.8042553191489
"1779",5481,36.3603603603604
"1780",5482,39.556412729026
"1781",5483,36.7101910828025
"1782",5484,38.9376443418014
"1783",5485,40.2651515151515
"1784",5486,41.1802325581395
"1785",5487,39.332541567696
"1786",5488,41.3877551020408
"1787",5489,41.6750369276219
"1788",5490,39.2758620689655
"1789",5491,43.8929503916449
"1790",5492,38.8444676409186
"1791",5493,39
"1792",5494,37.860568383659
"1793",5495,39.0129469790382
"1794",5496,38.6331719128329
"1795",5497,38.8484486873508
"1796",5498,38.1634165366615
"1797",5499,40.2177777777778
"1798",5500,40.5497835497835
"1799",5501,40.7662337662338
"1800",5503,40.8486842105263
"1801",5511,39.2851600387973
"1802",5512,39.5592334494774
"1803",5513,37.2468085106383
"1804",5514,37.5183973834832
"1805",5515,37.3086574654956
"1806",5516,38.18
"1807",5518,38.6006043370068
"1808",5520,37.3393234672304
"1809",5521,37.7344978165939
"1810",5522,38.5959119496855
"1811",5523,37.2021407986826
"1812",5527,40.8216318785579
"1813",5529,39.1732580037665
"1814",5530,37.3981308411215
"1815",5531,38.4087403598972
"1816",5533,36.7374233128834
"1817",5534,36.6075471698113
"1818",5535,38.515306122449
"1819",5537,38.1827852998066
"1820",5539,35.3679144385027
"1821",5540,37.6998792270531
"1822",5541,38.2703984819734
"1823",5551,40.6958250497018
"1824",5552,46.7013201320132
"1825",5553,36.4017175572519
"1826",5554,41.0762800417973
"1827",5555,41.1568047337278
"1828",5556,38.2142857142857
"1829",5557,38.2565445026178
"1830",5559,42.8170103092784
"1831",5560,40.323275862069
"1832",5561,40.2667876588022
"1833",5562,46.8823529411765
"1834",5563,38.3831168831169
"1835",5564,38.2058823529412
"1836",5565,39.4080808080808
"1837",5566,44.6848958333333
"1838",5568,44.1024033437827
"1839",5571,42.0457920792079
"1840",5581,38.8565482796892
"1841",5582,38.7466419638722
"1842",5583,38.0243208279431
"1843",5584,39.8454683764399
"1844",5585,41.4427157001414
"1845",5586,39.2706943205362
"1846",5587,39.484207635265
"1847",5588,43.4014745308311
"1848",5589,41.2468248663102
"1849",5590,44.1813893412703
"1850",5591,39.0486926035935
"1851",5592,40.2254989574024
"1852",5601,44.3104693140794
"1853",5604,39.7044476327116
"1854",5606,44.4230019493177
"1855",5607,38.0672740014015
"1856",5609,42.66391184573
"1857",5610,39.5520833333333
"1858",5611,42.0457809694794
"1859",5613,43.3334605840809
"1860",5621,39.2723809523809
"1861",5622,39.05078125
"1862",5623,43.5856
"1863",5624,39.09106403701
"1864",5625,40.4350132625995
"1865",5627,36.1529921473057
"1866",5628,39.3333333333333
"1867",5629,40.4779874213836
"1868",5631,41.1847672778561
"1869",5632,38.2619479733817
"1870",5633,40.3159278737791
"1871",5634,41.6259159274971
"1872",5635,38.5507977857375
"1873",5636,38.5522286492004
"1874",5637,37.7336683417085
"1875",5638,42.3229495268139
"1876",5639,38.8738501971091
"1877",5640,41.561919504644
"1878",5642,42.2503189589181
"1879",5643,39.8604562737643
"1880",5644,38.3434903047091
"1881",5645,41.1375545851528
"1882",5646,39.2411208281278
"1883",5648,39.9572233606557
"1884",5649,39.3109198493814
"1885",5650,39.9655172413793
"1886",5651,42.7704225352113
"1887",5652,39.5371024734982
"1888",5653,39.8611449451888
"1889",5654,41.9234135667396
"1890",5655,39.4038461538461
"1891",5661,39.8892307692308
"1892",5662,42.4930555555556
"1893",5663,44.8131313131313
"1894",5665,41.9508928571429
"1895",5666,41.6331360946746
"1896",5668,43.5172413793103
"1897",5669,40.3215434083601
"1898",5671,44.3238866396761
"1899",5672,42.625
"1900",5673,41.238845144357
"1901",5674,42.4933333333333
"1902",5675,37.8038392321536
"1903",5678,37.3605063291139
"1904",5680,37.5512367491166
"1905",5683,41.3488372093023
"1906",5684,40.4153846153846
"1907",5686,41.975
"1908",5688,39.8705035971223
"1909",5690,44.0133333333333
"1910",5692,41.0994475138122
"1911",5693,39.7119205298013
"1912",5701,37.1963470319635
"1913",5702,39.4671334111241
"1914",5703,38.1904761904762
"1915",5704,41.0745614035088
"1916",5705,38.2541436464088
"1917",5706,38.6716279069767
"1918",5707,37.7139605462822
"1919",5708,35.3853107344633
"1920",5709,41.2702928870293
"1921",5710,41.7402298850575
"1922",5711,39.4411456514146
"1923",5712,40.6754861332483
"1924",5713,40.6330570902394
"1925",5714,36.9705139005897
"1926",5715,39.2127659574468
"1927",5716,36.207171314741
"1928",5717,37.6060022026432
"1929",5718,40.514256091239
"1930",5719,40.9632052330335
"1931",5720,40.6602238046796
"1932",5721,37.0825803410073
"1933",5722,39.1731266149871
"1934",5723,39.4941948510853
"1935",5724,39.7640880127439
"1936",5725,40.0652767436088
"1937",5726,38.584938704028
"1938",5727,41.4269340974212
"1939",5728,41.0671936758893
"1940",5729,39.7117794486216
"1941",5730,38.7080701754386
"1942",5731,38.7853697749196
"1943",5732,38.1886160714286
"1944",5741,40.199203187251
"1945",5742,37.5387096774194
"1946",5743,41.0450885668277
"1947",5744,41.3622782446312
"1948",5745,42.0590513068732
"1949",5746,36.6546227417641
"1950",5747,40.0641711229947
"1951",5748,41.399209486166
"1952",5749,36.247236905334
"1953",5750,42.7096774193548
"1954",5751,39.3172804532578
"1955",5752,46.555223880597
"1956",5754,43.2292358803987
"1957",5755,39.5717948717949
"1958",5756,38.6350210970464
"1959",5757,38.6398131932283
"1960",5758,40.525
"1961",5759,45.9243243243243
"1962",5760,41.3391304347826
"1963",5761,41.9773156899811
"1964",5762,38.7569444444444
"1965",5763,37.61231281198
"1966",5764,40.799671592775
"1967",5765,40.4458077709611
"1968",5766,35.8165137614679
"1969",5782,36.0645695364238
"1970",5785,42.9929078014184
"1971",5788,40.0969696969697
"1972",5789,41.6417910447761
"1973",5790,39.6824324324324
"1974",5791,40.6759868421053
"1975",5792,36.5654952076677
"1976",5798,39.5921375921376
"1977",5799,39.5477439664218
"1978",5803,39.7396963123644
"1979",5804,38.1156373193167
"1980",5805,38.9182520248634
"1981",5812,40.5187969924812
"1982",5813,42.3609195402299
"1983",5816,38.2413793103448
"1984",5817,39.7285546415981
"1985",5819,38.905604719764
"1986",5821,40.8939828080229
"1987",5822,39.6174418604651
"1988",5827,37.98828125
"1989",5828,43.2439024390244
"1990",5830,43.2620192307692
"1991",5831,39.8490374873354
"1992",5841,44.151203758074
"1993",5842,42.0017605633803
"1994",5843,46.1713641488162
"1995",5851,42.6658227848101
"1996",5852,39.1663157894737
"1997",5853,39.1976893453145
"1998",5854,39.4742857142857
"1999",5855,38.6505460218409
"2000",5856,36.6451149425287
"2001",5857,38.8615520282187
"2002",5858,37.6313291139241
"2003",5859,38.9625668449198
"2004",5860,39.7631399317406
"2005",5861,38.3105254542478
"2006",5862,39.8260869565217
"2007",5863,38.0429799426934
"2008",5871,43.1472435450105
"2009",5872,42.8880275624462
"2010",5873,44.8973162193699
"2011",5881,42.0037520391517
"2012",5882,44.9464347826087
"2013",5883,46.4369244935543
"2014",5884,42.097008422887
"2015",5885,42.6767068273092
"2016",5886,41.3291340369992
"2017",5888,41.0863054187192
"2018",5889,42.8191051571666
"2019",5890,39.3721790983396
"2020",5891,44.6947976878613
"2021",5902,37.1680216802168
"2022",5903,44.2537313432836
"2023",5904,42.1496478873239
"2024",5905,37.3181818181818
"2025",5907,40.2410071942446
"2026",5908,41.5887096774194
"2027",5909,41.9277108433735
"2028",5910,42.2472527472528
"2029",5911,41.1860465116279
"2030",5912,42.3739837398374
"2031",5913,39.0587467362924
"2032",5914,38.2052023121387
"2033",5915,40.0243902439024
"2034",5919,37.2938144329897
"2035",5921,40.4708520179372
"2036",5922,39.9074333800841
"2037",5923,40.3736263736264
"2038",5924,38.8545454545455
"2039",5925,44.8820754716981
"2040",5926,37.1039671682627
"2041",5928,37.3125
"2042",5929,35.8966789667897
"2043",5930,43.2878787878788
"2044",5931,40.2008639308855
"2045",5932,41.8592233009709
"2046",5933,41.6535552193646
"2047",5934,39.2938775510204
"2048",5935,39.5222222222222
"2049",5937,37.3529411764706
"2050",5938,39.8720538720539
"2051",5939,39.8273130544994
"2052",6002,42.6164425427873
"2053",6004,45.4405797101449
"2054",6007,42.7137030995106
"2055",6008,40.1641352278295
"2056",6009,45.9310344827586
"2057",6010,40.5385474860335
"2058",6011,44.3333333333333
"2059",6021,38.9245901639344
"2060",6022,42.0479509339281
"2061",6023,40.9126694166176
"2062",6024,42.7867343700413
"2063",6025,38.3848505434783
"2064",6031,42.8070001241157
"2065",6032,50.2131147540984
"2066",6033,41.984
"2067",6034,41.9197860962567
"2068",6035,40.7723577235772
"2069",6036,38.5415124272872
"2070",6052,46.7347931873479
"2071",6054,47.7379310344828
"2072",6055,54.9864864864865
"2073",6056,48.5949119373777
"2074",6057,45.5760517799353
"2075",6058,41.9122257053292
"2076",6061,44.1748251748252
"2077",6064,50.5957446808511
"2078",6073,51.7897435897436
"2079",6074,47.3281596452328
"2080",6075,47.2981651376147
"2081",6076,46.44
"2082",6081,45.671469740634
"2083",6082,44.4589495155533
"2084",6083,45.9934872705743
"2085",6084,49.6027900146843
"2086",6087,47.5725714285714
"2087",6089,41.5347029428096
"2088",6090,50.7318489835431
"2089",6101,42.3025641025641
"2090",6102,52.1111111111111
"2091",6104,49.005291005291
"2092",6109,44.1666666666667
"2093",6110,42.6551724137931
"2094",6111,43.2881355932203
"2095",6112,47.464
"2096",6113,42.7808873720137
"2097",6116,45.7788617886179
"2098",6117,45.8192771084337
"2099",6118,44.1592456783656
"2100",6119,42.1718889883617
"2101",6131,40.3423529411765
"2102",6132,37.9861944777911
"2103",6133,38.938526513374
"2104",6134,45.5679156908665
"2105",6135,44.2940985732815
"2106",6136,40.3219647612033
"2107",6137,41.4117393180837
"2108",6139,40.8117252931323
"2109",6140,40.3622078968574
"2110",6141,38.7920130104807
"2111",6142,43.119170984456
"2112",6151,45.889552238806
"2113",6152,37.348576059273
"2114",6153,40.8566697121974
"2115",6154,39.1500384714029
"2116",6155,46.5559210526316
"2117",6156,41.245948945616
"2118",6157,43.3418666666667
"2119",6158,41.1292490118577
"2120",6159,39.8722278225806
"2121",6172,51.1612903225806
"2122",6173,40.165548098434
"2123",6177,44.0139211136891
"2124",6181,44.7168674698795
"2125",6191,45.3343949044586
"2126",6192,46.46875
"2127",6193,44.5027100271003
"2128",6194,49.075055187638
"2129",6195,46.7581967213115
"2130",6197,46.7903682719547
"2131",6198,42.4143484626647
"2132",6199,41.5028871391076
"2133",6201,43.8710462287105
"2134",6202,41.3194444444444
"2135",6203,45.2128279883382
"2136",6204,43.8747616020343
"2137",6205,44.5420353982301
"2138",6211,41.6307053941909
"2139",6212,40.0402298850575
"2140",6213,40.2697262479871
"2141",6214,46.1842696629214
"2142",6215,38.1578063794068
"2143",6217,40.4759679572764
"2144",6218,44.1725168035848
"2145",6219,40.4968186638388
"2146",6220,38.6488764044944
"2147",6232,42.0404692082111
"2148",6234,45.1668270773179
"2149",6235,40.297181372549
"2150",6238,41.6771960190394
"2151",6239,46.7504456327986
"2152",6240,47.3843452082288
"2153",6241,38.6938472942921
"2154",6242,45.2746913580247
"2155",6243,47.2640710960643
"2156",6244,38.8580040187542
"2157",6246,41.105332745703
"2158",6248,42.3401950810843
"2159",6249,44.6727122835944
"2160",6250,42.4925701706109
"2161",6252,43.9127393225331
"2162",6261,45.0200836820084
"2163",6263,39.5506525792418
"2164",6265,42.1136702343856
"2165",6266,41.395472981033
"2166",6267,43.536303630363
"2167",6281,37.9361538461538
"2168",6282,46.8905472636816
"2169",6283,46.705298013245
"2170",6285,43.7890451517395
"2171",6286,43.0059880239521
"2172",6287,41.4932735426009
"2173",6288,42.9769820971867
"2174",6289,44.7777777777778
"2175",6290,41.6594694632943
"2176",6291,44.2368168744008
"2177",6292,41.7296943231441
"2178",6293,44.7595628415301
"2179",6294,43.9781818181818
"2180",6295,37.9369885433715
"2181",6296,43.767094017094
"2182",6297,41.329028049576
"2183",6298,44.6427536231884
"2184",6299,44.4305555555556
"2185",6300,39.7898940788331
"2186",6402,42.5457165313073
"2187",6404,39.6234265734266
"2188",6405,44.0194174757282
"2189",6407,41.5494808222081
"2190",6408,41.6014160766347
"2191",6409,39.954954954955
"2192",6410,42.7639720558882
"2193",6411,36.8518518518519
"2194",6412,41.2473390775469
"2195",6413,41.4406779661017
"2196",6414,42.3569721115538
"2197",6415,40.9601449275362
"2198",6416,41.9869886426287
"2199",6421,40.9305901378443
"2200",6422,43.1434977578475
"2201",6423,43.0186915887851
"2202",6431,44.644019138756
"2203",6432,43.7102803738318
"2204",6433,38.3962962962963
"2205",6434,39.8092307692308
"2206",6435,37.9141716566866
"2207",6436,41.9196667943317
"2208",6437,41.3846755277561
"2209",6451,40.4258793969849
"2210",6452,40.1050420168067
"2211",6453,43.0358422939068
"2212",6454,42.1434550989346
"2213",6455,41.9886691846256
"2214",6456,39.4720758693361
"2215",6458,40.8515365448505
"2216",6459,42.6988428745432
"2217",6461,41.6120917021708
"2218",6485,38.0262096774194
"2219",6487,39.1907030025323
"2220",6504,44.9722814498934
"2221",6511,41.9012875536481
"2222",6512,43.4496102705181
"2223",6601,37.6870689655172
"2224",6602,39.5762572135202
"2225",6603,38.9350649350649
"2226",6604,40.4866760168303
"2227",6605,41.3637168141593
"2228",6606,36.569018404908
"2229",6607,41.2779903342731
"2230",6608,39.1810514478493
"2231",6609,41.0612716763006
"2232",6610,41.1634756995582
"2233",6611,34.3823529411765
"2234",6612,43.3253430761005
"2235",6613,40.0385977337111
"2236",6614,41.1071115013169
"2237",6615,39.0156156156156
"2238",6616,41.0382595648912
"2239",6617,42.3514545454546
"2240",6618,39.9829646017699
"2241",6619,40.756569162122
"2242",6620,37.7872062663185
"2243",6621,40.8035158932106
"2244",6622,40.3076082999636
"2245",6623,38.651358718097
"2246",6624,37.7834645669291
"2247",6625,40.6033464566929
"2248",6626,40.8040912667191
"2249",6627,42.3842662632375
"2250",6628,39.450333237667
"2251",6629,40.631308411215
"2252",6630,40.6080715059588
"2253",6631,41.2368661121546
"2254",6632,40.2974662717999
"2255",6633,37.899845320959
"2256",6634,40.4578933116707
"2257",6635,42.0462427745665
"2258",6636,41.5216776625825
"2259",6637,40.687037037037
"2260",6638,37.8592646700755
"2261",6639,42.5531914893617
"2262",6640,41.5051236116087
"2263",6641,39.771404109589
"2264",6642,41.5288499801035
"2265",6643,38.9377001875631
"2266",6644,38.443112418005
"2267",6645,40.5582364942784
"2268",6702,40.837416481069
"2269",6703,41.8834586466165
"2270",6704,38.7726315789474
"2271",6705,41.8365591397849
"2272",6706,39.6135831381733
"2273",6708,39.3859144807761
"2274",6709,40.5466088572313
"2275",6710,39.0108991825613
"2276",6711,42.1900262050345
"2277",6712,41.0606709493219
"2278",6713,49.6017699115044
"2279",6715,44.2834645669291
"2280",6716,42.4579439252336
"2281",6718,47.6803069053708
"2282",6719,41.6935933147632
"2283",6720,39.8383838383838
"2284",6721,41.72
"2285",6722,43.4274809160305
"2286",6724,43.0574948665298
"2287",6728,44.2676056338028
"2288",6729,41.3345919256462
"2289",6730,40.9592536176695
"2290",6741,40.746835443038
"2291",6742,39.8769874476987
"2292",6743,40.5440789473684
"2293",6744,43.2371134020619
"2294",6745,39.2635135135135
"2295",6748,44.7621832358674
"2296",6750,41.780303030303
"2297",6751,42.0393442622951
"2298",6753,42.3571428571429
"2299",6754,40.4249322493225
"2300",6757,41.9018525817895
"2301",6758,40.736170212766
"2302",6759,50.6666666666667
"2303",6771,41.5048158640227
"2304",6773,52.6269841269841
"2305",6774,47.0899427636958
"2306",6775,48.0866965620329
"2307",6778,44.5072463768116
"2308",6781,40.7706293706294
"2309",6782,39.7133138969874
"2310",6783,42.2833333333333
"2311",6784,41.6396993810787
"2312",6785,43.6800518134715
"2313",6787,42.4309392265193
"2314",6789,46.1098591549296
"2315",6790,42.0179533213645
"2316",6792,41.7857142857143
"2317",6793,42.9673913043478
"2318",6800,43.8198857812271
"2319",6803,46.5384615384615
"2320",6806,43.4803571428571
"2321",6807,43.271922767498
"2322",6808,44.9387442572741
"2323",6809,45.3287526427061
"2324",6810,43.4315878378378
